source_listing_id,url,city,district,address_text,property_type,rooms,area_m2,floor,floors_total,price_local,currency,deposit_local,furnished,owner_type,elevator,parking,balcony,renovation,pets_allowed,children_allowed,description,posted_at
1006769989,https://krisha.kz/a/show/1006769989,Астана,Есильский р-н,Алихан Бокейхан 2,квартира,3,76,2,10,300000,KZT,,полностью,agency,,,,,,,Сдаётся евротрешка в доме комфорт класса в шикарной локации левого берега В шаговой доступности школа детские сады Звоните в любое время 24/7,2026-06-14
1013015751,https://krisha.kz/a/show/1013015751,Шымкент,Каратауский р-н,мкр Нурсат 197,квартира,1,50,3,4,100000,KZT,,частично,agency,,,,,,true,Холодильник. Шкаф бар. Агентская услуга 40000 тенге. Показ 2000 тенге,2026-06-14
1004817591,https://krisha.kz/a/show/1004817591,Астана,Нура р-н,Култегин 9,квартира,1,36,5,10,200000,KZT,,полностью,agency,,,,,,,"сдам квартиру на длительный срок ✅Квартира чистая все необходимое есть🔥 ✅Можно 1 студента или Семейная пара желательно 2 человека ✅Депозит ✅Телевизор есть ✅Ком услуги отдельно. звоните, есть видео обзор Звоните заранее",2026-06-14
679321562,https://krisha.kz/a/show/679321562,Алматы,Алмалинский р-н,Панфилова 103 — Арбата,квартира,2,70,11,18,430000,KZT,,полностью,owner,true,,,"свежий ремонт, новая мебель",true,true,"Классная, очень теплая, уютная квартира с потрясающим видом из всех окон, в доме московской постройке в историческом центре Алматы, на Арбате, от Хозяина. 11 этаж из 18. Окна на Кок-Тюбе. Капитальный ремонт. Стиральная машинка почти новые новая, пользовались три месяца. В санузле интерьер обновили 15.01.2026. В кухне интерьер обновили 06.06.2026, в это же время привезли новый диван. Провели химчистку матраса и одеяла. Подушки и постельное, новые. Интернет оптика, скоростной - отличный вариант для работающих на удаленке, госслужащих, студентов, поваров, курьеров и тд. Лоджия огромная, с двумя шкафами, не застекленная, летом можно загорать и круглый год медитироват на свежем воздухе. В доме два лифта. Лестница на случай непревиденных ситуаций. На этаже три квартиры. Есть место для хранения велосипедов и колясок. Квартира, не захломлена избытком мебели, но укомплектована для жилья всем необходимым (спальный гарнитур, кухонный гарнитур, зеркальный шкаф для одежды, два телевизора, посуда, постельное, рабочие приборы коммуникаций). Цветы завезу по требованию. Курить - на балконе, расположенном в коридоре на этом же этаже с видом на Арбат. Удобная геолокация: в шаговой доступности: магазины, парки, метро, аптеки и прочие места развлечений. Депозит предусмотрен, по этой причине не возражаю против животных и детей при соблюдении надлежащего порядка и тишины. Сдаю на длительный срок. Транспорт можно оставлять во дворе, дам пульт от шлагбаума. В доме консьерж и видеонаблюдение. Оплата: депозит + аренда+ коммунальные услуги. Квартира чистая По всем интересующим вопросам просьба звонить по указанному номеру телефона. Дом ориентировочно находится возле Арбата",2026-06-14
681866735,https://krisha.kz/a/show/681866735,Алматы,Бостандыкский р-н,Аль-Фараби 77/1,квартира,3,130,12,22,1600000,KZT,,,owner,,,,,,,"✅Апартаменты под сервисным и техническим обслуживанием ✅Объект после косметического ремонта ✅генеральная уборка+химчистка мебели проведена ✅Новое постельное белье+ комплект полотенец ✅Новые приборы сан гигиены ✅Новая посуда ✅ pet friendly ✅Охрана/Видеонаблюдение 🏂Освободится в конце апреля, просмотр возможен! Видео квартиры по ссылке ниже",2026-06-14
1012086184,https://krisha.kz/a/show/1012086184,Алматы,Бостандыкский р-н,ул. Оноре де Бальзака 2А,квартира,1,33.2,1,5,370000,KZT,370000,полностью,owner,,,true,"свежий ремонт, новая мебель",,,"Квартира сдается с 10 июня 2026 г. Сделан ремонт. Квартира полностью укомплектована всей необходимой мебелью и бытовой техникой, что позволит вам сразу приступить к комфортному проживанию. Интернет+ТВ каналы входят в стоимость коммунальных платежей. Дом находиться в тихом месте, окна выходят на улицу, что позволяет не слышать детей на детской площадки. Кроме того, в этом районе все необходимое есть в шаговой доступности, магазины, аптеки, кафе, рестораны, салоны красоты, Магнум, университеты, школы, детские сады. Есть парк для прогулок вечерами. Добраться можно в любую часть города. Квартира сдается на длительный срок от 2-х месяцев и более. Курение в квартире запрещено. Ежемесячная оплата 370 000 тенге+депозит 370 000 тенге+ коммунальные услуги. При необходимости депозит можно разбить на 2 месяца (если долгий срок снятия квартиры, договор на 12 месяцев и более). Если вы любите комфорт, чистоту и уют, рада буду вас видеть в своей квартире. Я хозяйка, прошу компании по недвижимости и риэлторов не беспокоить! Квартира свободна с 10 июня 2026 года!",2026-06-14
1008649166,https://krisha.kz/a/show/1008649166,Алматы,Медеуский р-н,мкр Думан-1 28,квартира,1,40,1,2,170000,KZT,50000,полностью,owner,,,,"свежий ремонт, новая мебель",,,"Сдается в аренду новая квартира, квартира в частном секторе, 2 этажная постройка, на 1 этаже 3 квартиры на 2 этаже 3 квартиры с отдельным входом, год постройки 2024 год. Техника и мебель все новое. Плита электрическая с вытяжкой. Рядом школа 172 и детский садик 166. Коммуналка отдельно. Депозит 50 000 тенге!",2026-06-14
695728404,https://krisha.kz/a/show/695728404,Костанай,Костанайская обл.,Наримановская 66 — Жемчужина. пр. Абая - ул. Наримановская,квартира,1,40,7,9,280000,KZT,50000,полностью,owner,true,,false,"свежий ремонт, новая мебель",false,,"сдам однокомнатную квартиру. В квартире все имеется, посуда, фильтр для питьевой воды. Сдам порядочным ЧИСТОПЛотНЫМ АККУРАТНЫМ без вредных привычек (не курящим, не пьющим) людям. Комуслуги включены в аренду. Без животных и маленьких детей. Депозит 50000, отдаю на руки когда съезжаете. Можно на короткий срок. Хозяин, не риелтор. Дом ориентировочно находится возле Жемчужина. пр. Абая - ул. Наримановская",2026-06-14
1013091583,https://krisha.kz/a/show/1013091583,Алматы,Медеуский р-н,Тулебаева 98,квартира,5,140,5,5,1100000,KZT,,,owner,,,true,"не новый, но аккуратный и чистый ремонт",,true,"5-комнатная квартира расположена в самом сердце ""золотого квадрата"" Алма-Аты, в спальном районе на улице Тулебаева, в двух шагах от парка им. 28-ми гвардейцев-панфиловцев, с лоджией, выходящей во двор. Балкон выходит на улицу Тулебаева. Ванная и туалет раздельные. Квартира полностью меблирована, после ремонта и ранее не сдавалась. Квартира полностью оборудована бытовой техникой, LED-телевизором (диагональ 140см) и сигнализацией охранной фирмы. В радиусе 200 метров несколько кафе, ресторанов и баров. В просторном, закрытом от посторонних дворе, есть детская площадка и место для парковки. Сдаётся на длительный срок.",2026-06-14
1009878003,https://krisha.kz/a/show/1009878003,Караганда,Казыбек би р-н,"мкр Новый Город, Гоголя 34/5​",квартира,2,42,6,10,350000,KZT,,полностью,owner,true,,false,"свежий ремонт, новая мебель",,,"Абсолютно новая квартира, с новой техникой, мебелью. качественный ремонт. сдается на длительный срок",2026-06-14
1012992389,https://krisha.kz/a/show/1012992389,Кызылорда,Кызылординская обл.,Астана 2 Шаменов1 г,квартира,3,66,5,5,130000,KZT,,полностью,owner,,,true,"свежий ремонт, новая мебель",,true,3 бөлмелі кв 5 этаж 130 000 + ком услуг,2026-06-14
1010090669,https://krisha.kz/a/show/1010090669,Астана,Есильский р-н,"мкр Комсомольский, Туран",квартира,6,274.1,4,4,1500000,KZT,,частично,owner,true,,true,"не новый, но аккуратный и чистый ремонт",,,"жил. комплекс Изумруд, жил. площадь 224.1 м², кухня 50 м², меблирована частично",2026-06-14
695440617,https://krisha.kz/a/show/695440617,Алматы,Алмалинский р-н,Гагарина проспект 12,квартира,1,34,3,5,250000,KZT,100000,полностью,agency,,,true,"свежий ремонт, новая мебель",,,"Сдаётся квартира, хороший ремонт, тихий двор, депозит 100.000, комиссия. Квартира для проживания одного-двоих людей, без вредных привычек",2026-06-14
690795178,https://krisha.kz/a/show/690795178,Астана,Алматы р-н,Байтурсынова 9 F2 — Напротив Пирамида Парк,квартира,4,164,12,30,1150000,KZT,,полностью,owner,true,,true,"свежий ремонт, новая мебель",,true,"Хайвил Астана F2 блок, плюс депозит и комуслуги Дом ориентировочно находится возле Напротив Пирамида Парк",2026-06-14
685220724,https://krisha.kz/a/show/685220724,Астана,Алматы р-н,Кошкарбаева 10,квартира,3,97,16,22,550000,KZT,,полностью,owner,true,,true,"свежий ремонт, новая мебель",,,Хайвил Астана Е2 блок сдается на долгий срок. Плюс депозит,2026-06-14
688206912,https://krisha.kz/a/show/688206912,Алматы,Алмалинский р-н,Муратбаева,квартира,2,44,5,5,250000,KZT,,полностью,owner,false,,true,"не новый, но аккуратный и чистый ремонт",false,,"Курящим и парням не беспокоить! Сдается работающим девушкам некурящим и без животных (!) : уютная 2-комнатная квартира на 5 этаже из 5. Лифта нет. Район спальный, подъезд аккуратный, квартира чистая без насекомых. Полностью меблирована (в том числе двуспальная кровать и большой раскладной диван), имеются сушилки (напольная и потолочная), раскладной стол, холодильник, микроволновка, газовая плита и духовой шкаф, телевизор. Стиральная машина расположена в ванной комнате. Счетчики гор/хол воды. Имеется страховой платеж в размере 100 000 тенге. Ком. услуги оплачиваются отдельно.",2026-06-14
1002799101,https://krisha.kz/a/show/1002799101,Кокшетау,Акмолинская обл.,Назарбаева 6 — Напротив Кокше Конкор,квартира,2,50,3,5,150000,KZT,35000,частично,owner,,,true,"не новый, но аккуратный и чистый ремонт",,,"Удобная локация, депозит 35000 Дом ориентировочно находится возле Напротив Кокше Конкор",2026-06-14
1010883867,https://krisha.kz/a/show/1010883867,Семей,Абай обл.,Засядко 88,квартира,3,63.4,3,9,200000,KZT,,частично,owner,,,true,"не новый, но аккуратный и чистый ремонт",,,"Теплая, светлая",2026-06-14
1012965481,https://krisha.kz/a/show/1012965481,Алматы,Бостандыкский р-н,Тургут Озала,квартира,2,45,15,21,310000,KZT,,полностью,agency,true,,,"свежий ремонт, новая мебель",,true,🏠 2-комнатная квартира ✨ Преимущества: 🏫 Рядом школы 🚇 Станция метро Сайран — в шаговой доступности 🛍 ТРЦ ADK поблизости ☕ Кафе и рестораны рядом 🚍 Отличная транспортная доступность 🔒 Закрытый и ухоженный двор 📍 Удобная локация для комфортного проживания,2026-06-14
1012982383,https://krisha.kz/a/show/1012982383,Тараз,мкр Мынбулак,мкр Мынбулак 15,квартира,2,45,3,5,150000,KZT,,полностью,owner,,,,"свежий ремонт, новая мебель",,,тихий район,2026-06-14
688243766,https://krisha.kz/a/show/688243766,Алматы,Бостандыкский р-н,Гагарина 310 — Аль Фараби Гагарина,квартира,2,47,4,20,400000,KZT,,полностью,owner,true,true,false,"свежий ремонт, новая мебель",,,"Сдаётся квартира на 4 этаже в новом, современном ЖК “Комфорт Сити "". Жилой комплекс бизнес класса, расположенный в самом центре Алматы — в пешей доступности до торгового центра Mega. В стоимость аренды не входят коммунальные услуги. Предусмотрен страховой депозит в размере месячной арендной платы. квартира сдается без домашних животных. квартира полностью укомплектована. Встроенные шкафы в каждой комнате. В квартире есть вся необходимая мебель и бытовая техника для удобства и комфортного проживания. Жилой комплекс находится в пешей доступности от ТРЦ Мега, Магнум В ЖК "" Комфорт Сити "" предусмотрен подземный паркинг, а также охраняемая открытая парковка для жильцов. Удобная локация, в деловом районе Алматы. Безопасность: Видеодомофон Видеонаблюдение Пропускная система Противопожарная система Круглосуточная охрана Консьерж Субаренду не рассматриваем! О комплексе: Жилой комплекс расположен в центре города, на пересечении проспекта Аль - Фараби и Гагарина ◾️ В минутах езды от Esentai Mall ◾️ В 5 минутах езды от БЦ Нурлы-Тау ◾️ В 2 минутах пешей прогулки до ТРЦ Мега ◾️ В 2 минутах пешей прогулки до Magnum. ◾️В минуте ходьбы до нового фитнес центра Champion Дом ориентировочно находится возле Аль Фараби Гагарина",2026-06-14
1012658339,https://krisha.kz/a/show/1012658339,Атырау,Атырауская обл.,Бактыгерея Кулманова 1в,квартира,1,77,,,280000,KZT,,полностью,owner,true,,true,"не новый, но аккуратный и чистый ремонт",,,"Сдам 1 ком кв в центре города вдоль набережной в ЖК ГРАНД АТЫРАУ общей площадью 77 кв м. Вся инфраструктура в шаговой доступности. Уютная, чистая, просторная, светлая квартира. Ком услуги оплачиваются отдельно, Звоните",2026-06-14
697304036,https://krisha.kz/a/show/697304036,Алматы,Бостандыкский р-н,"мкр Баганашыл, Тан 10 — Около школы KIS",квартира,1,30,1,2,150000,KZT,50000,частично,owner,,true,,"не новый, но аккуратный и чистый ремонт",false,,"ЖЕЛАТЕЛЬНО ПИСАТЬ НА МЕССЕНДЖЕР ЖЕЛАТЕЛЬНО ХОЛОСТЫМ НА МАШИНЕ, БЕЗ ВРЕДНЫХ ПРИВЫЧЕК, БЕЗ ЖИВОТНЫХ! СТУДЕНТАМ И СТРОИТЕЛЯМ НЕ СДАЁМ! На длительный срок, телевизор, вся бытовая техника. Тип строения, дом в двух. уровнях на 8 квартир с отдельным входом в каждую квартиру (санузел, душ. кабина в квартире). В частном секторе в 1 км до остановки, ходит 101 маршрут. Парковка во дворе. Условия Аренда, коммуналка отдельно и депозит 50 000 тенге не возвратный. Дом ориентировочно находится возле Около школы KIS",2026-06-14
1000842614,https://krisha.kz/a/show/1000842614,Алматы,Бостандыкский р-н,Аль-Фараби 21,квартира,4,175,15,16,1200000,KZT,,полностью,agency,,,,"свежий ремонт, новая мебель",,,"Сдаётся в долгосрочную аренду 4хкомнатная квартира в ЖК Афд плаза Эксклюзивный авторский дизайн, продуманна каждая деталь Территория жилого комплекса полностью огорожена Просторная и безопасная детская площадка В шаговой доступности всё необходимое для комфортного проживания Имеется страховой депозит",2026-06-14
1012930226,https://krisha.kz/a/show/1012930226,Алматы,Алмалинский р-н,Панфилова 151,квартира,3,74,3,4,600000,KZT,,полностью,agency,,,,"свежий ремонт, новая мебель",,,меблирована полностью,2026-06-14
693959863,https://krisha.kz/a/show/693959863,Алматы,Медеуский р-н,Достык 97Б,квартира,2,75,4,22,500000,KZT,,полностью,agency,,,true,,,,"Сдаётся в долгосрочную аренду уютная 2-х комнатная квартира в Медеуском районе Есть всё необходимое для комфортного проживания Развитая инфраструктура В шаговой доступности ТРЦ, скверы для прогулок, рестораны и многое другое",2026-06-14
691182765,https://krisha.kz/a/show/691182765,Алматы,Алмалинский р-н,Жибек Жолы 192 — Гоголя -Муратбаева,квартира,1,32,2,5,200000,KZT,50000,,owner,,,true,"не новый, но аккуратный и чистый ремонт",,,"+квартплата, депозит 50000тг Дом ориентировочно находится возле Гоголя -Муратбаева",2026-06-14
1013106754,https://krisha.kz/a/show/1013106754,Актобе,мкр. Алтын орда,мкр. Алтын орда,квартира,1,56,4,9,150000,KZT,,полностью,agency,,,true,,,,"Сдается 1 комнатная квартира на длительный срок, желательно семейным. Квартира чистая и уютная",2026-06-14
1013106701,https://krisha.kz/a/show/1013106701,Алматы,Алмалинский р-н,Назарбаева 77 — Арбат,квартира,2,54,5,9,350000,KZT,,,owner,true,,,"не новый, но аккуратный и чистый ремонт",,true,,2026-06-14
1013106685,https://krisha.kz/a/show/1013106685,Караганда,Казыбек би р-н,"мкр Юго-Восток, Мкр Юго-Восток, 29й микрорайон 16 — Каргу",квартира,3,50,2,5,200000,KZT,,частично,owner,,,true,"не новый, но аккуратный и чистый ремонт",,true,сдаётся 3-х комнатная квартира. на долгий срок Дом ориентировочно находится возле Каргу,2026-06-14
762057097,https://krisha.kz/a/show/762057097,Алматы,Медеуский р-н,Торекулова 93,квартира,3,110,2,12,700000,KZT,700000,полностью,owner,true,,,"свежий ремонт, новая мебель",,true,"Новая квартира дизайнерский ремонт, полностью укомплектована: посуда, текстиль.2 отдельные спальни и зал и кухня. Фильтр для воды, сетки на окнах. Также имеется парковочные места и кладовка за отдельную плату. Предусмотрен депозит 700 000 можно разделить на 2 месяца Сдаем на долгий срок ! Рядом Мега Парк !Квартира сдается от хозяина.",2026-06-14
1012878485,https://krisha.kz/a/show/1012878485,Алматы,Алмалинский р-н,А.Шарипова 21 — Жибек жолы,квартира,3,60,2,5,500000,KZT,,полностью,owner,,,true,"не новый, но аккуратный и чистый ремонт",,true,"Сдам квартиру на длительный срок с 10.07.2026. Квартира сдаётся порядочным и аккуратным людям. Полностью меблирована, имеется вся необходимая мебель и техника для комфортного проживания. Рядом с домом находится средняя школа №16и 95 По всем вопросам обращайтесь в личные сообщения или по телефону. рядом супермаркет магнум и смол ! Студентам самый раз рядом ЖЕНПУ и КАЗНМУ ! Дом ориентировочно находится возле Жибек жолы",2026-06-14
1013030750,https://krisha.kz/a/show/1013030750,Алматы,Алмалинский р-н,Манаса 109а,квартира,2,70,,,470000,KZT,,полностью,agency,,,,,,,"Сдаётся уютная квартира Предлагается в аренду светлая и просторная квартира с удобной планировкой. Отличный вариант для комфортного проживания. Квартира полностью меблирована и оснащена всей необходимой техникой. Есть всё для жизни — заезжай и живи. Продуманное пространство, много мест для хранения. Район с развитой инфраструктурой: рядом магазины, школы, детские сады, остановки и всё необходимое для повседневной жизни. Условия аренды: — Депозит — Услуги риэлтора 📲 По всем вопросам пишите или звоните, договоримся о просмотре",2026-06-14
694817705,https://krisha.kz/a/show/694817705,Актобе,Актюбинская обл.,проспект алии молдагуловой,квартира,2,90,4,5,180000,KZT,,полностью,owner,,,true,,,,"Нектаровский дом. Напротив гипермаркета Дина. Кухня студия. Имеется 3 комната с витражами, там летом жарко и зимой холодно. Но можно использовать как дополнительную комнату. 180 тысяч в месяц плюс коммунальные услуги отдельно оплачиваете",2026-06-14
1012991559,https://krisha.kz/a/show/1012991559,Астана,Есильский р-н,Кургалжинское шоссе 20Б — Айтматова,квартира,2,53,8,9,250000,KZT,50000,полностью,owner,true,,,"свежий ремонт, новая мебель",,,"Сдам квартиру Коргалжын шоссе 20 б Жк Техникум, на перекрестке Айтматова Новый ремонт новая мебель со всеми условиями посуды, полотенцы и т.д Сдаю чистоплотным людям. Ком услуга входят в сумму. Депозит 50тыс. Обращайтесь. Можна и на субаренду Дом ориентировочно находится возле Айтматова",2026-06-14
1009778089,https://krisha.kz/a/show/1009778089,Алматы,Бостандыкский р-н,Аль фараби,квартира,3,100,6,20,1100000,KZT,,полностью,owner,,,false,"свежий ремонт, новая мебель",,true,"жил. комплекс Orion 1, меблирована полностью",2026-06-14
1012367702,https://krisha.kz/a/show/1012367702,Актобе,мкр. Алтын орда,мкр. Алтын орда 50 e — Мангилик ел,квартира,2,74,3,5,230000,KZT,,полностью,owner,,,true,,,,Сдам с июня месяца на долгий срок 2 комнатную квартиру на батысе. В квартире все имеется для уютного проживания. Оплата 230.000 ежемесячно ком услуги входят в стоимость. По всем подробностям звоните Дом ориентировочно находится возле Мангилик ел,2026-06-14
1013106431,https://krisha.kz/a/show/1013106431,Астана,Есильский р-н,Бухар жырау 40 — Аль Фараби,квартира,2,40,2,8,250000,KZT,20000,полностью,owner,true,,true,"не новый, но аккуратный и чистый ремонт",,true,"Сдается 2-х комнатная квартира чистая в удобном расположении рядом школы, детские сады, самал парк, ботанический парк. оплата 230.000+ком услуги и депозит 20.000 Дом ориентировочно находится возле Аль Фараби",2026-06-14
1013106434,https://krisha.kz/a/show/1013106434,Алматы,Алатауский р-н,"мкр Акбулак, Дарабоз 91",квартира,2,47,8,12,280000,KZT,,полностью,owner,true,,false,"свежий ремонт, новая мебель",,,"Сдается в аренду на долгий срок уютная новая квартира. Квартира полностью меблирована. Есть вся необходимая бытовая техника для комфортного проживания. В шаговой доступности находятся школы, детские сады, магазины, аптеки. Хорошая транспортная развязка, можно легко добраться в любую точку города. Рядом есть парковочные места. Сдается только семейным или работающим людям на долгий срок (от 6 месяцев и более). Без вредных привычек.",2026-06-14
1013106449,https://krisha.kz/a/show/1013106449,Шымкент,Аль-Фарабийский р-н,Площадь Аль-Фараби 3А — Площадь Аль-Фараби,квартира,3,59,4,5,190000,KZT,,полностью,owner,,,true,"не новый, но аккуратный и чистый ремонт",,,"Сдаем кв семейной паре на долгий срок, состояние кв хорошее, среднее. Рядом Медицинская академия, Шымкент плаза трц и Арбат. Двор тихий и спокойный! Дом ориентировочно находится возле Площадь Аль-Фараби",2026-06-14
1013106410,https://krisha.kz/a/show/1013106410,Алматы,Турксибский р-н,Белградская 8 — Вокзал,квартира,1,32,4,5,160000,KZT,,частично,owner,,,true,,,,сдам в аренду квартиру белградская8 мебелированно Дом ориентировочно находится возле Вокзал,2026-06-14
1012175282,https://krisha.kz/a/show/1012175282,Талгарский р-н,Алматинская обл.,ул. Лермонтова 47,квартира,1,36,4,5,150000,KZT,50000,полностью,owner,,,true,"не новый, но аккуратный и чистый ремонт",,,Квартира теплая уютная ! Все в шаговой доступности ! 150 тыс + ком услуги Депозит 50 тыс тг! Скидок нет ! Сдаем только на долгий срок !,2026-06-14
1013106375,https://krisha.kz/a/show/1013106375,Астана,Есильский р-н,Алихана Бокейхана 21/4,квартира,1,40,3,5,200000,KZT,,полностью,owner,,,true,"не новый, но аккуратный и чистый ремонт",,,"Сдается уютная, светлая и чистая квартира с современным ремонтом. Квартира полностью меблирована и оснащена необходимой бытовой техникой для комфортного проживания. ✅ Просторная гостиная с диваном и телевизором ✅ Кухня с встроенной техникой и обеденной зоной ✅ Вместительный шкаф-купе ✅ Светлые комнаты и аккуратный ремонт ✅ Чистый подъезд и спокойный двор",2026-06-14
1013106310,https://krisha.kz/a/show/1013106310,Астана,Алматы р-н,Ахмет Байтурсынова 37 — Магжан Жумабаева,квартира,1,38,,,180000,KZT,30000,полностью,owner,,,true,,,true,"Сдам на длительный срок 1-комн квартиру ЖК Роза (Байтурсынова-Жумабаева). Байтурсынова 37 Квартира чистая, после ремонта, все необходимое для проживания имеется. Рядом школа, детский сад, спорт комплекс. Всё в шаговой доступности. Оплата 180 000 + ком услуги. Депозит 30000тг Хозяйка КВ Дом ориентировочно находится возле Магжан Жумабаева",2026-06-14
1005860820,https://krisha.kz/a/show/1005860820,Бесагаш,Алматинская обл.,Райымбек батыра 161Б — Талгаракий тракт возле Астер авто,квартира,1,30,3,7,180000,KZT,100000,полностью,owner,true,,false,"свежий ремонт, новая мебель",,,Депозит 100 тыс ! Ком услуги отдельно ! На показы по пустикам не выезжаем ! На фото все состояние квартиры видно! Суб аренда не интересует ! Квартира сдается На долгий срок ! Сдается семейным ! Дом ориентировочно находится возле Талгаракий тракт возле Астер авто,2026-06-14
1009690491,https://krisha.kz/a/show/1009690491,Тараз,Жамбылская обл.,Казыбек би 103 — Центральный гастроном,квартира,2,46,4,5,130000,KZT,50000,частично,owner,,,true,"не новый, но аккуратный и чистый ремонт",,true,"Сдается на ДЛИТЕЛЬНЫЙ срок двухкомнатная квартира в самом центре города. Дом расположен в районе с развитой инфраструктурой:в шаговой доступности магазины, супермаркеты, аптеки, кафе, школы, детские сады, остановки общественного транспорта. Отличная транспортная развязка можно быстро добраться в любую часть города. В квартире имеется необходимая техника и мебель:спальный гарнитур, холодильник, стиральная машина и газовая плита. Отличный вариант для тех, кто планирует обустроить жилье по своему вкусу. Сдается на длительный срок порядочным и арендатором. Оплата:аренда+коммунальные услуги. Депозит 50 тысяч тенге . Дом ориентировочно находится возле Центральный гастроном",2026-06-14
1012066679,https://krisha.kz/a/show/1012066679,Астана,Есильский р-н,Аль- Фараби 76,квартира,1,30,1,6,160000,KZT,,частично,owner,,,true,"свежий ремонт, новая мебель",,true,Сдам квартиру на аренду для порядочных людей Новая квартира Уютный тихий двор Элитный дом Все имеется квартире,2026-06-14
1007934378,https://krisha.kz/a/show/1007934378,Шымкент,Каратауский р-н,Байтерекова 100/4,квартира,2,75,2,12,350000,KZT,,полностью,owner,true,,true,,,true,"Чистая, свежая квартира с качественной турецкой мебелью Istikbal, Bellona. Сантехника grohe. Техника Bosch, Samsung. Все готово для проживания",2026-06-14
1013106333,https://krisha.kz/a/show/1013106333,Туркестан,Туркестанская обл.,11 43/1 — Обл акимат қасында,квартира,2,70,11,12,170000,KZT,,полностью,owner,true,,true,"свежий ремонт, новая мебель",,,Жаңа толық жиhаздары бар Дом ориентировочно находится возле Обл акимат қасында,2026-06-14
1012526976,https://krisha.kz/a/show/1012526976,Алматы,Бостандыкский р-н,Розыбакиева 153Б,квартира,3,62,1,5,380000,KZT,,полностью,owner,,true,,,,true,"Отличный дом, кирпичный ! Свежий ремонт, закрытый двор нет проблем с паркингом ! Хоть первый этаж очень высокий цоколь! Сухой подвал, имеется кладовка! Сдается на долгий срок.",2026-06-14
676768244,https://krisha.kz/a/show/676768244,Астана,Есильский р-н,Улы Дала — Туран,квартира,1,45,8,10,220000,KZT,,полностью,owner,,,,,false,,"Сдам на длительный срок 1-комнатную квартиру в ЖК Alpamys 3 📍 ул. Улы Дала, 31. Светлая, чистая и уютная квартира. Вся мебель и техника, есть спальный гарнитур, а не диван! Полностью готова к заселению. Подойдет для 1–2 человек. Без животных. Дом ориентировочно находится возле Туран",2026-06-14
1012943322,https://krisha.kz/a/show/1012943322,Алматы,Ауэзовский р-н,мкр Таугуль-3 305,квартира,1,30,,,155000,KZT,,,owner,,,,,,,"Ищем порядочных, чистоплотных и платежеспособных жильцов (1–2 человека) просторная светлая кухня вместительные шкафы, кровать, стиральная машина Чистый санузел: Оборудован душем и туалетом, сантехника в отличном состоянии, всё работает исправно. В Таугуль 3, рядом остановка, Алмата Молл НЕ ОБЩЕЖИТИЕ",2026-06-14
760750055,https://krisha.kz/a/show/760750055,Шымкент,,Жангельдина 5 — Остановка Айгуль,квартира,2,52,1,5,150000,KZT,30000,полностью,owner,,,false,"не новый, но аккуратный и чистый ремонт",,true,!СРОЧНО! Сдаётся в аренду 2ух комнатная квартира по адресу Жангельдина 5. Вся необходимая мебель имеется. !Есть депозит 30тыс! !Только на долгий срок! !только семейным! Дом ориентировочно находится возле Остановка Айгуль,2026-06-14
1012915717,https://krisha.kz/a/show/1012915717,Астана,Нура р-н,Е-429 14 — Айтматова,квартира,2,42,14,16,220000,KZT,,полностью,agency,true,,true,"свежий ремонт, новая мебель",,,"Сдам квартиру в аренду. После ремонта, никто не жил. Всё новое. Не курящим. Тркбование: квартиру содержать в чистоте и порядке. Услуга сдачи в аренду 85 000 тг. Депозит при заезде 150 000 тг. Дом ориентировочно находится возле Айтматова",2026-06-14
1005390833,https://krisha.kz/a/show/1005390833,Алматы,Бостандыкский р-н,Си Синхая 17,квартира,1,38,13,13,400000,KZT,,полностью,owner,true,,false,"свежий ремонт, новая мебель",,,"Сдам в аренду новую квартиру. Абсолютно все новое, есть вся необходимая техника и мебель. Хозяева недвижимости. Если не ответили на звонок, пишите на этот же номер на, отправлю видеообзор квартиры. В квартире есть: плита вытяжка холодильник посудомойка стиральная машина кондиционер теплый пол Пылесос Электрический чайник Посуда видео домофон умный замок датчик протечки воды видео наблюдение на каждом этаже охрана",2026-06-14
1013106304,https://krisha.kz/a/show/1013106304,Астана,Алматы р-н,Нажимеденова 5/1 — Нажимеденова Азербаева қиылысы,квартира,1,32,3,9,230000,KZT,100000,полностью,owner,true,,true,"свежий ремонт, новая мебель",,,"Мыңжылдық аллеясындағы жаңа ""Megapolis"" тұрғын үй кешеніндегі жаңа, таза, жайлы пәтерді ұзақ мерзімге жалға беремін. Ешкім тұрмаған бір бөлме толығымен жиһазбен және техникамен (кір жуатын машина, плита, тоңазытқыш, теледидар) жалға беріледі. интернет қосылған, Жуынатын бөлме біріктірілген және барлық, ыңғайлылықтармен жабдықталған. Ай сайыны төлем 230.000 тг + депозит 100000 тг + коммунальдық қызметтер. Жақын жерде дамыған инфрақұрылымдар бар, жақын жерде ТРЦ ""Damu Mall"" орналасқан, 93 жане 83 мектептер. Дом ориентировочно находится возле Нажимеденова Азербаева қиылысы",2026-06-14
1013106256,https://krisha.kz/a/show/1013106256,Алматы,Турксибский р-н,Микрорайон Кайрат 303 — Жетісу базарының жанында орналасқан.,квартира,2,69,5,7,280000,KZT,100000,частично,owner,,,false,,,,Жетісу базарының жанында орналасқан. Іші жабдықталған тек холодильник пен диван жоқ. Депозит 100 000тг. Тікелей үй иесімін. Дом ориентировочно находится возле Жетісу базарының жанында орналасқан.,2026-06-14
1013106249,https://krisha.kz/a/show/1013106249,Шымкент,Каратауский р-н,Байдибек би 2/1,квартира,1,41,3,9,180000,KZT,,полностью,owner,true,,,,,,"жил. комплекс Прайм Парк, меблирована полностью",2026-06-14
1013105905,https://krisha.kz/a/show/1013105905,Актобе,Старый город,"Старый город, Старый город ул.Кереева 7",квартира,2,51,2,6,170000,KZT,,частично,owner,,,true,"не новый, но аккуратный и чистый ремонт",,,"Сдам 2-х комн. квартиру на длительный срок порядочной, платежоспособной семье без вредных привычек! Квартира светлая, просторная, чистая, непрокуренная. Санузел раздельный. Цена 170000+ком. услуги. Локация хорошая, удобная, маршруты на все направления города. Тел",2026-06-14
1013106175,https://krisha.kz/a/show/1013106175,Астана,Есильский р-н,Хусейн Бен Талал 39,квартира,1,36,14,17,200000,KZT,,полностью,owner,true,,true,"свежий ремонт, новая мебель",,,"🏡 Сдаётся уютная квартира в отличном состоянии! ✨ Светлая и чистая квартира с удобной планировкой, созданная для комфортной жизни. Полностью готова к заселению —заезжайте и живите без лишних хлопот! 🛋️ В квартире есть всё необходимое для комфортного проживания: ✔️ Мебель ✔️ Бытовая техника ✔️ Просторная кухня ✔️ Аккуратный санузел ✔️ Пластиковые окна ✔️ Закрытый двор 📍 Удобное расположение Дом находится в районе с развитой инфраструктурой. В шаговой доступности: 🛒 магазины и супермаркеты 🏫 школы и детские сады 💊 аптеки 🚌 остановки общественного транспорта 🚗 Отличная транспортная развязка позволит быстро добраться в любую точку города. 🌟 Квартира идеально подойдёт для тех, кто ценит уют, чистоту и комфорт. 💰 Условия аренды: • Страховой депозит — 100 000 ₸. • Коммунальные услуги оплачиваются отдельно. 📞 Сдаётся ответственным и аккуратным жильцам. Звоните или пишите для получения дополнительной информации и организации просмотра! 😊",2026-06-14
1012708211,https://krisha.kz/a/show/1012708211,Астана,,Атырау 5/2,квартира,2,35,5,2,250000,KZT,,полностью,owner,,,false,"свежий ремонт, новая мебель",,false,"🏡 Сдам уютные апартаменты в гостевом доме! 💰 Стоимость: 250 000 ₸ в месяц (коммунальные услуги и интернет входят в стоимость) ✨ Описание: • Новые, уютные апартаменты после свежего ремонта с отдельным входом с улицы • Полностью меблированы — заезжай и живи • Есть всё необходимое для комфортного проживания: кухня, санузел, холодильник, плита, микроволновая печь, телевизор, кондиционер, мебель • Коммунальные услуги включены (отопление, горячая вода, электричество, Wi-Fi) • Стиральная машина — в общей прачечной (платная) 💰 Условия: • Депозит — 30 000 ₸ (возвращается при выезде при сохранности имущества) • Рассчитано на 1–2 человек • Рассматриваются: работающие мужчины и женщины, семейные пары без детей и животных, командировочные (предоставляются документы) 📍 Локация: Центр левого берега, рядом пр. Туран, Коргалжинское шоссе, парк, ТРЦ Keruen City, остановки и вся необходимая инфраструктура 📩 Пишите/звоните для подробностей и просмотра.",2026-06-14
694888597,https://krisha.kz/a/show/694888597,Тараз,Жамбылская обл.,Мкр 13,квартира,2,67,3,5,110000,KZT,,частично,owner,,,,"не новый, но аккуратный и чистый ремонт",,true,"жил. комплекс Baiterek, меблирована частично",2026-06-14
681625372,https://krisha.kz/a/show/681625372,Актобе,мкр. Алтын орда,"мкр. Алтын орда, Мкр. Батыс-2 1Гк1",квартира,1,50,3,9,170000,KZT,,полностью,owner,true,,true,"свежий ремонт, новая мебель",,,"На долгий срок со всеми удобствами. Ранее не сдавалась. Квратира теплая, уютная. Мебель, техника, кондиционер, филтрь, микроволновая печь.",2026-06-14
1013105983,https://krisha.kz/a/show/1013105983,Астана,Сарайшык р-н,Байтұрсынұлы 53,квартира,1,40,1,9,200000,KZT,,полностью,owner,true,,true,"свежий ремонт, новая мебель",,true,"Сдам однакомнатную квартиру ЖК ""Астана сәні"" порядочным людям. улучшенной планировки, полностью меблированная, плюс коммунальные услуги. Тихий двор, КСК работает. квартира на первом этаже. Рядом Бином комфортная школы, садики. Отличный район. Всё необходимое в шаговой доступности. Риэлторов не беспокоить!",2026-06-14
1011843978,https://krisha.kz/a/show/1011843978,Алматы,Наурызбайский р-н,мкр Шугыла 340/46,квартира,2,47,3,9,260000,KZT,,,owner,,,,"свежий ремонт, новая мебель",,,"на долгий срок, платёжеспособным сдаётся, депозит",2026-06-14
1013106040,https://krisha.kz/a/show/1013106040,Шу,Жамбылская обл.,"Туйебекова 16 — Вокзал, сзади магазин Адлет",квартира,2,50,,,180000,KZT,,полностью,owner,,,,"свежий ремонт, новая мебель",,,"Сдаётся уютная, чистая и светлая квартира с современным евроремонтом. Квартира полностью меблирована и оснащена всей необходимой техникой для комфортного проживания, включая новый кондиционер 2026 года. Удобное расположение в самом центре города, за магазином Адилет на 1 этаже. В шаговой доступности находятся вокзал, базар, поликлиника, супермаркеты. Дом очень тёплый, зимой в квартире тепло, а летом прохладно. Отличный вариант для тех, кто ценит уют, комфорт и удобное местоположение. По всем вопросам обращайтесь Дом ориентировочно находится возле Вокзал, сзади магазин Адлет",2026-06-14
1012406191,https://krisha.kz/a/show/1012406191,Алматы,Бостандыкский р-н,мкр Казахфильм 33,квартира,3,65,1,5,350000,KZT,,полностью,agency,,,,,,,меблирована полностью,2026-06-14
1012873869,https://krisha.kz/a/show/1012873869,Алматы,Алмалинский р-н,СЕЙФУЛИНА 468,квартира,2,48,1,4,250000,KZT,100000,полностью,agency,,,,,,,+ДЕПОЗИТ-100т,2026-06-14
1006733749,https://krisha.kz/a/show/1006733749,Костанай,Костанайская обл.,Береке 46,квартира,1,36,4,6,150000,KZT,,полностью,owner,,,true,"свежий ремонт, новая мебель",,true,"Сдаётся одной или двоим девушкам. Можно супружеской паре. Или одному парню новая квартира. Дом только сдался. Новый ремонт. Новая мебель. Чистый матрас. Интернет, телевидение. Панорамный балкон. Есть односпальная кровать, есть диван раскладной. 150 тыс плюс все комуслуги. Самое главное условие к жильцам чистота и порядок, бережнее отношение. С 16 июня освобождается.",2026-06-14
1012896236,https://krisha.kz/a/show/1012896236,Алматы,Алмалинский р-н,Ади Шарипова 145 — Курмангазы,квартира,2,58,7,13,420000,KZT,,полностью,owner,true,true,false,"не новый, но аккуратный и чистый ремонт",,true,"Предлагаю Вашему вниманию стильную и уютную квартиру ""евродвушку"" в элитном жилом комплексе Lamiya, расположенную в отличном центральном районе Алматы. Квартира на удачном седьмом этаже, чистая, светлая, с качественным ремонтом, удобной планировкой и всем необходимым для комфортного проживания. Квартира полностью меблирована и оснащена качественной бытовой техникой (встроенный холодильник, встроенный фильтр для воды, посудомоечная машина, вытяжка, духовой шкаф, варочная панель, чайники, утюг, пылесос, смарт телевизор, два кондиционера сплит-система, стиральная машина и др. ), посудой и постельными принадлежностями. Имеется подземный паркинг (можно найти свободные места в аренду), подъезды чистые, современные детские и спортивные площадки, территория закрытая с красивым ландшафтным дизайном двора. Удобное расположение в центре города с развитой инфраструктурой: рядом басейн, супермаркеты, ТРЦ, фитнес-центры, рестораны, школы и детские сады. Отличная транспортная доступность! Квартира сдается на длительный срок, с ежемесячной оплатой, предусмотрен страховой депозит, в размере месячной арендной платы, который будет возвращен при выезде с квартиры в оговоренные сроки, при условии хорошей сохранности квартиры и имущества. Оплата коммунальных услуг осуществляется отдельно по фактическим ежемесячным расходам. С Арендатором планируется официальное заключение договора аренды (Арендодатель оформлен как самозанятый), при желании будут предоставлены официально чеки об оплате, а так же есть возможность безналичного расчета. Ждем Ваши звонки с 9 до 22 часов. Дом ориентировочно находится возле Курмангазы",2026-06-14
1012475601,https://krisha.kz/a/show/1012475601,Алматы,Ауэзовский р-н,мкр Мамыр-7 5 — Магазин Береке,квартира,2,49.4,1,5,280000,KZT,,полностью,owner,,,,"свежий ремонт, новая мебель",,true,"Есть полностью всё необходимое для комфортного проживания. Утюг, пылесос, чайник, сушилка, гладильная доска, посуда, кухонные приборы и т.д. Дом ориентировочно находится возле Магазин Береке",2026-06-14
1012970302,https://krisha.kz/a/show/1012970302,Астана,Нура р-н,Толе би 52,квартира,2,55,5,9,400000,KZT,,полностью,agency,true,,,,,,"жил. комплекс GreenLine.Headliner Exclusive, меблирована полностью",2026-06-14
1013105619,https://krisha.kz/a/show/1013105619,Атырау,мкр Нурсая,"мкр Нурсая, Абулхайр-хана 69/3",квартира,1,44,9,9,350000,KZT,,полностью,owner,true,,true,"свежий ремонт, новая мебель",,,"Сдаётся 1комн. квартира в ЖК «Batysmura Lite» Безопасность: огражденная территория ЖК, домофон, кодовый замок на двери подъезд, кодовый замок на двери в квартиру Этаж: 9 из 9 Площадь: 44 м2 Потолки: 3м Состояние квартиры: идеальное, Вы первый житель. Все условия для комфортного проживания. Ремонт: абсолютно свежий, выполненный из безопасного и качественного материала. Полностью мебелирована, вся мебель, техника и вся инвентарь новая. Оплата: ежемесячно 350 тыс. тенге, Включая комм. услуги",2026-06-14
1013105940,https://krisha.kz/a/show/1013105940,Астана,Нура р-н,Жубан Молдагалиев 3,квартира,1,37.8,5,12,200000,KZT,,полностью,agency,true,,,"свежий ремонт, новая мебель",,true,"🔥 Сдаётся 1-комнатная квартира | ЖК “Дельта” | 38 м² | срочно Сдаётся уютная, современная квартира после качественного ремонта, делалась под себя. Чистая, аккуратная, в отличном состоянии. В квартире жили аккуратные арендаторы всего 4 месяца. Квартира свободна с завтрашнего дня, можно заезжать сразу. ⸻ 📍 Локация и инфраструктура Очень удобный район с развитой инфраструктурой. Прямо в доме на первом этаже: * кофейня * кальянная * “Додо Пицца” * магазин косметики “Диона” * продуктовые магазины * овощной магазин * магазин стройматериалов и товаров для дома * алкомаркет * магазин одежды (трикотаж) Всё для повседневной жизни находится прямо в доме — максимум удобства без лишних поездок. ⸻ 🚗 Рядом (5–10 минут на машине) : * ТРЦ “Хан Шатыр” * Green Mall * ТЦ “Мечта” * супермаркет Small (Смол) в соседнем доме * медицинские центры Medifort и Invivo * элитная школа Quantum * школа №78 ⸻ 🚌 Транспорт Прямо рядом с домом остановка. Удобная транспортная развязка, множество автобусных маршрутов — легко добраться в любую часть города. ⸻ 🏡 О квартире * 38 м² * большая кровать 180×180 с качественным матрасом * 4-дверный вместительный шкаф * полноценная кухня: плита, холодильник * стиральная машина * балкон * всё в отличном состоянии, чисто и готово к проживанию ⸻ 🏢 О доме * современный ЖК (9–12 этажей) * 2 лифта, стабильно работают * чистый, ухоженный подъезд * домофон с управлением через телефон / Face ID * удобная система доступа ⸻ 👨‍👩‍👧 Условия Сдаётся: * семейной паре * одному человеку * двум девушкам * либо с детьми школьного возраста Главное — аккуратность, чистоплотность и бережное отношение к квартире. Возможна сдача под субаренду (по договорённости). ⸻ ⚡ СРОЧНО Квартира свободна с завтрашнего дня. Рассматриваем быстрый выход на сделку. Сама хозяйка, показ в любое время. (На фото квартира с диваном, так как там есть шкаф ещё, добавила фотки до кровати. 2 месяца назад поставили новую кровать и новым ортопед матрасом)",2026-06-14
1002488564,https://krisha.kz/a/show/1002488564,Атырау,мкр Нурсая,"мкр Нурсая, Таумуш Жумагалиев 15",квартира,1,50,6,9,220000,KZT,,полностью,owner,true,,true,"свежий ремонт, новая мебель",,,"Сдаётся в аренду 1 комнатная квартира в отличном состояний, на длительный срок порядочным людям, без питомцев. Тихий охраняемый двор без машин. Квартира чистая. Отличная локация, рядом и во дворе всё есть.",2026-06-14
1013105967,https://krisha.kz/a/show/1013105967,Астана,Нура р-н,Туран — Пересечение улиц Орынбор- Туран,квартира,3,98,7,10,400000,KZT,,полностью,owner,true,,true,"не новый, но аккуратный и чистый ремонт",,true,"Сдаю 3-х ком квартиру на долгое время. Квартира находится в отличном состоянии, распашонка. Комуслуга входит в сумму аренды. Квартира меблирована, имеется диван, кровать, шкафы. 2 санузла. Находится в благополучном районе, с удобным доступом ко всему, что вам нужно (гипермаркет Магнум, Шипагер, Астана Арена, велотрек Сарыарка, Ботанический сад через улицу, крупные больницы, стоматология и тд все что необходимые для жителей города) . Дом ориентировочно находится возле Пересечение улиц Орынбор- Туран",2026-06-14
1010661543,https://krisha.kz/a/show/1010661543,Астана,Сарыарка р-н,Чингиза Айтматова 77/8,квартира,2,54,77,8,250000,KZT,,полностью,owner,true,true,false,,false,,"Сдается 2 комн квартира с удобствами, в новом ЖК, вид из окна на набережную, чистая!Мебель, сантехника все новое! Ищем порядочных и чистоплотных людей для проживания, на длительный срок!БЕЗ ЖИВОТНЫХ! Так же имеется паркинг стоимость с паркингом в месяц 300.000 тг Рядом есть все необходимое для жизни.",2026-06-14
1010695862,https://krisha.kz/a/show/1010695862,Караганда,Казыбек би р-н,"мкр Юго-Восток, Карбышева 5/9 — Университетская, Карбышева",квартира,2,68,7,10,190000,KZT,50000,полностью,owner,,,true,,,,"На долгий срок по Карбышева 5/9 Депозит -50 000 тенге Студентам не сдаем Дом ориентировочно находится возле Университетская, Карбышева",2026-06-14
1012656132,https://krisha.kz/a/show/1012656132,Уральск,мкр. Зачаганск пгт,"мкр. Зачаганск пгт, Бірлік 25 — Орал-Саратов жол бойында",квартира,2,62,8,9,150000,KZT,,частично,owner,,,true,,,,"Интернет, КСК төлейді тек. тыныш аула, барлыгы жакын қолайлы Дом ориентировочно находится возле Орал-Саратов жол бойында",2026-06-14
762288983,https://krisha.kz/a/show/762288983,Павлодар,Павлодарская обл.,Жаяу-Мусы 7Б — Строительный магазин 12-месяцев,квартира,1,42,9,9,150000,KZT,,полностью,owner,true,,,"не новый, но аккуратный и чистый ремонт",,,сдам 1-комнатную улучшенную квартиру на длительный срок. Квартира полностью укомплектована для комфортного проживания. Оплата 150.000тг. +комы Дом ориентировочно находится возле Строительный магазин 12-месяцев,2026-06-14
1012759029,https://krisha.kz/a/show/1012759029,Алматы,Бостандыкский р-н,Торайгырова 21/1 — Мустафина,квартира,1,33,5,12,300000,KZT,,полностью,agency,true,,,"свежий ремонт, новая мебель",,true,"жил. комплекс Sholpan City, меблирована полностью",2026-06-14
1012995291,https://krisha.kz/a/show/1012995291,Алматы,Бостандыкский р-н,Симферопольская,квартира,2,55,5,12,350000,KZT,,полностью,agency,,,,"свежий ремонт, новая мебель",,,"жил. комплекс Asyl Tas, меблирована полностью",2026-06-14
1008247678,https://krisha.kz/a/show/1008247678,Астана,Есильский р-н,Бокейхана 25,квартира,1,45,,,200000,KZT,,,agency,,,,,,,"• Коммунальные услуги отдельно • Агентское сопровождение сделки-40.000 тенге ⚖️ Юридическое оформление и прозрачность гарантированы ✨ Всё по закону, честно и с заботой о вас 💫",2026-06-14
1008248613,https://krisha.kz/a/show/1008248613,Астана,Сарыарка р-н,Сарыарка,квартира,1,35,,,160000,KZT,,,agency,,,,,,,"• Коммунальные услуги отдельно • Агентское сопровождение сделки-40.000 тенге ⚖️ Юридическое оформление и прозрачность гарантированы Всё по закону, честно и с заботой о вас",2026-06-14
1013072267,https://krisha.kz/a/show/1013072267,Алматы,Бостандыкский р-н,Розыбакиева 186 — Жандосова,квартира,2,45,3,3,250000,KZT,50000,полностью,owner,,,true,"не новый, но аккуратный и чистый ремонт",,true,"Сдается в Аренду двухкомнатная квартира. Квартира сдается в первые, жили сами хозяева. НЕУГЛОВАЯ. Комнаты изолированы. Чистая и уютная квартира. с хорошей энергетикой, квартира сдается семейным и работающим девушкам и девушкам студентам, летом в квартире прохладно так как спереди дома растут большие деревья и зимой тепло. отопление новое и санузел новый. Район славится развитой транспортной развязкой, а также наличием всех необходимых объектов инфраструктуры: школы, садики, магазины и аптеки находятся в шаговой доступности Тихий двор, хорошие соседи, новая детская площадка. Автобусные остановки в 1 минутах ходьбы. Студентам парням не сдается. Возвратный депозит 50 тыс. тг. цена аренды 250 тыс. тг. Сдается на ДЛИТЕЛЬНЫЙ срок. Дом ориентировочно находится возле Жандосова",2026-06-14
1013106703,https://krisha.kz/a/show/1013106703,Алматы,Бостандыкский р-н,Туркебаева — АДК,квартира,3,60,3,5,450000,KZT,,полностью,owner,,,true,"свежий ремонт, новая мебель",,true,"Сдаю квартиру, на долгосрочное время с договором, просто заезжаете одеждой больше ничего не надо, оплата за коммунальные услуги отдельно коммунальные услуги выходят около 20.000 тнг в месяц, сдаю нормальным платежеспособные семье. С детьми можно. Задаток возвращаем 100 000 тенге. Дом ориентировочно находится возле АДК",2026-06-14
1006828124,https://krisha.kz/a/show/1006828124,Караганда,Казыбек би р-н,мкр Новый Город 242 — Пичугина,квартира,1,42,5,5,150000,KZT,,полностью,owner,,,true,"не новый, но аккуратный и чистый ремонт",,true,"Сдается уютная 1-комнатная квартира в центре Караганды на длительный срок! Ищете светлую, чистую и комфортную квартиру для спокойной жизни? Тогда этот вариант может стать вашим новым домом! Депозит 🏡 О квартире: * уютная и ухоженная 1-комнатная квартира; * расположена на 5 этаже кирпичного дома; * светлая, теплая и чистая; * имеется всё необходимое для комфортного проживания; * спокойная атмосфера и доброжелательные соседи; * зеленый, благоустроенный двор. 📍 Отличное расположение – центр города: В шаговой доступности находятся: * школа; * супермаркеты; * медицинский центр Аланда; * магазин «1000 мелочей»; * остановки общественного транспорта; * недалеко железнодорожный вокзал. Здесь удобно жить, работать и отдыхать — все необходимое рядом. ✅ Квартира сдается на длительный срок. ✅ Рассматриваются аккуратные, ответственные и порядочные арендаторы. ✅ Предусмотрен депозит (возвратный залог) как гарантия бережного отношения к имуществу. Если вы цените чистоту, порядок, комфорт и удобное расположение, будем рады показать квартиру. 📞 Звоните и договаривайтесь о просмотре! Возможно, именно здесь начнется ваша новая комфортная жизнь в центре Караганды. ✨ Дом ориентировочно находится возле Пичугина",2026-06-14
1012857340,https://krisha.kz/a/show/1012857340,Алматы,Бостандыкский р-н,Микрорайон Мирас 115,квартира,3,160,,,2100000,KZT,,,agency,,true,,"свежий ремонт, новая мебель",,,Квартира с дорогим ремонтом/ мебелью/ техникой. Паркинг входит в стоимость Сдается на долгосрочный период Мастер спальня со своим с/у и гардеробной Вторая спальня со своим с/у Большая гостиная Отдельная кухня с балконом Гостевой с/у Прачечная Гардеробная в прихожей Большой холл Дом премиум класса Локация - голь клуб жайляу/ президентский парк Круглосуточная охрана,2026-06-14
1012654241,https://krisha.kz/a/show/1012654241,Алматы,Бостандыкский р-н,Аль-фараби 15/1 — Назарбаева,квартира,2,70,26,33,700000,KZT,,полностью,agency,true,,,"свежий ремонт, новая мебель",,,"жил. комплекс Orion III, меблирована полностью",2026-06-14
1012351239,https://krisha.kz/a/show/1012351239,Алматы,Бостандыкский р-н,Манаса — Габдулина,квартира,1,35,2,3,200000,KZT,,полностью,agency,,,true,"не новый, но аккуратный и чистый ремонт",,,Небольшой депозит + коммунальные Услуги риэлтора по факту Дом ориентировочно находится возле Габдулина,2026-06-14
694696061,https://krisha.kz/a/show/694696061,Алматы,Бостандыкский р-н,Сейфуллина 574/1 к3,квартира,3,130,17,21,800000,KZT,,полностью,agency,true,,true,"свежий ремонт, новая мебель",true,true,"⭐️сдается новая трех комнатная квартира в ЖК бизнес класса Central Avenue 👗🧥👔очень много мест для хранения вещей, большой шкаф в прихожей с зеркалом и огромный шкаф в комнате а также гардероб в одной из спален 🌆есть лоджия с двумя шкафами и видом на закат 🛁Вся сантехника от Grohe 🚽Два сан. узла и в каждом гигиенический душ 🔦Множество вариантов подсветок 🪵Пол паркет 🖥️ Огромная двухметровая плазма 🛋️Большой дорогой диван ♨️ Везде где плитка есть подогрев пола 🆕Вся бытовая техника от хороших зарубежных производителей все абсолютно новое 🏋🏼‍♀️В округе много спорт залов Вокруг множество школ 👨🏻‍🎓 и детских садов 👶🏼 🎦 есть подробное видео квартиры ❗️ Квартира сдается на долгий срок 🅿️ Имеется два 🚙🚗 парковочных места рядом с подъездом (входит в стоимость) 💵Имеется возвратный депозит в размере одной месячной аренды (депозит можно разделить на два платежа) 💸Коммунальные услуги оплачиваются отдельно 📱звоните все покажу и расскажу а так же отвечу на все интересующие вас вопросы.",2026-06-14
1011881776,https://krisha.kz/a/show/1011881776,Костанай,Костанайская обл.,Зелёная ул. 25/1блокБ,квартира,3,77,5,9,250000,KZT,,частично,owner,true,,false,"свежий ремонт, новая мебель",,true,"Сдам 3 ком евротрешку на длительный срок. Есть гардеробная, кухонный гарнитур, стиральная машина, холодильник, стол обеденный. Плюс коммунальные услуги. 150 тыс тенге депозит (возвратный). Сдам, ответственным на долгий срок. Раннее не сдавалась. Хозяин.",2026-06-14
1012080266,https://krisha.kz/a/show/1012080266,Астана,Нура р-н,Туран 43/5,квартира,1,38.5,8,9,300000,KZT,,полностью,owner,true,,true,"свежий ремонт, новая мебель",,,"Сдается на долгий срок 1-комн. квартира после ремонта. Еще никто не жил, будьте первым. Полностью мебелирована. Коммунальные услуги оплачиваются отдельно. Возвратный депозит обговаривается. Договор при заселении. Субаренда и риэлторы прошу не беспокоить.",2026-06-14
760661422,https://krisha.kz/a/show/760661422,Алматы,Алатауский р-н,мкр Теректы — Сайгакты,квартира,1,22,1,2,134000,KZT,,полностью,owner,,,false,"свежий ремонт, новая мебель",,true,"Доброго времени суток! сдается однокомнатная квартира! Только для семейных Местоположение: Алатауский район ул Сайгакты 6 от трассы Ташкентская 300 метров В шаговой доступности больница, ТРЦ АПОРТ, рынок 7-Курдас, рынок Алтын орда Полностью меблирована, вся техника и мебель новая! чистая, уютная, рядом садик, школа имеется. Душ, туалет все внутри. Стоянка для Авто Дом ориентировочно находится возле Сайгакты",2026-06-14
1010431075,https://krisha.kz/a/show/1010431075,Караганда,Казыбек би р-н,"мкр Юго-Восток, Просп. Республики 40 — Парк Победы",квартира,1,55,16,16,170000,KZT,,полностью,owner,true,,true,"не новый, но аккуратный и чистый ремонт",,,"Сдам уютную квартиру на длительный срок ответственному, порядочному и аккуратному человеку. Квартира полностью готова для комфортного проживания: есть вся необходимая мебель и техника — заезжай и живи без дополнительных затрат. Отличное расположение: удобная транспортная развязка, развитая инфраструктура, рядом магазины, кафе и всё необходимое для комфортной жизни. Условия аренды: • арендная плата + коммунальные услуги; • депозит в размере одного месяца аренды (возвращается при соблюдении условий договора) . Дом ориентировочно находится возле Парк Победы",2026-06-14
678200274,https://krisha.kz/a/show/678200274,Талдыкорган,Жетысу обл.,Мкр каратал 14,квартира,1,48,5,5,135000,KZT,,полностью,agency,,,,"свежий ремонт, новая мебель",,true,отличная квартира с ремонтом и мебелью 135000+ком. услуги,2026-06-14
1011484591,https://krisha.kz/a/show/1011484591,Алматы,Бостандыкский р-н,Розыбакиева 197/2,квартира,3,120,6,16,1000000,KZT,,полностью,agency,true,,,"свежий ремонт, новая мебель",,true,"Сдаётся шикарная 3-х комнатная квартира в ЖК *Estet*. Квартира новая, после ремонта, никто не жил, вы будете первыми. Есть подробный видео обзор! В квартире есть всё, что необходимо для комфортного проживания. Развитая инфраструктура! Транспортная доступность! Отлично локация ! Возвратный депозит, в размере месячной арендной платы. По всем вопросам, по телефону.",2026-06-14
1012371753,https://krisha.kz/a/show/1012371753,Алматы,Алмалинский р-н,мкр Тастак-2 94 — Толе Би,квартира,2,64,2,9,300000,KZT,,,owner,true,,false,"не новый, но аккуратный и чистый ремонт",,true,"Срочно! Уютная 2-комн. квартира для семейной пары Сдается светлая и просторная 2-комнатная квартира с раздельной планировкой на длительный срок. Идеально подойдет для семейной пары (можно с детьми). Основные преимущества: Планировка: Комнаты изолированные, санузел раздельный, что очень удобно для семьи. Состояние: Абсолютно новая мебель, качественный ремонт. В квартире есть всё необходимое для комфортного проживания (бытовая техника, места для хранения). Для детей: Прямо во дворе дома оборудована современная и безопасная детская площадка. Развитая инфраструктура: Транспорт: Остановка общественного транспорта находится всего в 3 минутах ходьбы. Можно легко и быстро добраться в любую точку города. Образование: В шаговой доступности расположены школы и детские сады, ребенку не придется далеко ходить. Рядом: Продуктовые магазины, аптеки, супермаркеты. Квартира сдается порядочным и чистоплотным людям, без вредных привычек. Депозит одна стоимость аренды Дом ориентировочно находится возле Толе Би",2026-06-14
1013105239,https://krisha.kz/a/show/1013105239,Актау,16-й мкр,"16-й мкр 33/8, 63, 63/1, 63/2",квартира,2,60,33,8,170000,KZT,,полностью,owner,true,,false,"не новый, но аккуратный и чистый ремонт",,,Тазалық. Көршілерді мазаламау. Төлем ай сайын алдын ала,2026-06-14
1001812772,https://krisha.kz/a/show/1001812772,Алматы,Бостандыкский р-н,Розыбакиева 181а — Байкадамова,квартира,3,106,9,12,550000,KZT,,полностью,agency,true,,,,,,Сдается на долгий срок. Полностью меблирован. Дом ориентировочно находится возле Байкадамова,2026-06-14
1012947709,https://krisha.kz/a/show/1012947709,Алматы,Жетысуский р-н,мкр Кокжиек,квартира,1,40,3,6,170000,KZT,,полностью,agency,,,true,"свежий ремонт, новая мебель",,true,"Квартира светлая, чистая и уютная! Находится возле школы! На долгий срок!",2026-06-14
1012776051,https://krisha.kz/a/show/1012776051,Астана,Сарыарка р-н,Дукенулы 38,квартира,1,37,,,165000,KZT,,полностью,agency,,,,,,,Услуга агентства 40 000,2026-06-14
1007970880,https://krisha.kz/a/show/1007970880,Алматы,Алмалинский р-н,Желтоксан 50 — Желтоксан - Маметова,квартира,2,45,5,5,300000,KZT,100000,полностью,owner,,,true,"свежий ремонт, новая мебель",,,"После ремонта, чистая уютная, для семейной пары, не курящих, без домашних животных. Арбат, Мега, Вокзал, Метро, Зелёный базар, парки всё рядом. На долгий срок. От хозяина! Имеется депозит 100 тыс Дом ориентировочно находится возле Желтоксан - Маметова",2026-06-14
1008821623,https://krisha.kz/a/show/1008821623,Астана,Есильский р-н,Сарайшык 5 — Сарайшык - Кабанбай батыра,квартира,4,108,9,14,450000,KZT,,полностью,owner,,true,true,,,true,"500 000 ₸ за месяц + коммунальные услуги Депозит возвратный — 150 000 ₸ Квартира находится в ЖК Лазурный квартал в центре Левого берега Астаны. Во дворе есть большая детская площадка с полем для футбола, а также собственная закрытая парковка. В пешей доступности находятся школы, детские сады, клиники и стоматологии, торгово-развлекательные центры, гипермаркеты, бары и рестораны, кофейни, министерства и другие государственные организации, а также бизнес-центры. Рядом с домом есть остановки общественного транспорта, на котором можно легко добраться до любой точки города. Из окон открывается прекрасный вид на многие знаковые объекты столицы. Дом ориентировочно находится возле Сарайшык - Кабанбай батыра",2026-06-14
1011723892,https://krisha.kz/a/show/1011723892,Алматы,Турксибский р-н,мкр Жулдыз-2,квартира,1,40,2,5,160000,KZT,100000,полностью,owner,,,true,"не новый, но аккуратный и чистый ремонт",,,депозит 100.000,2026-06-14
1006691591,https://krisha.kz/a/show/1006691591,Алматы,Алмалинский р-н,Чайковского — Чайковского Макатаева,квартира,2,43,3,4,280000,KZT,,полностью,owner,,,true,"не новый, но аккуратный и чистый ремонт",,true,"Хороший спальный район, расположена в центре города, чистый подъезд, спокойные соседи, все необходимое рядом Дом ориентировочно находится возле Чайковского Макатаева",2026-06-14
1012909013,https://krisha.kz/a/show/1012909013,Астана,Алматы р-н,Тас Шокы 2 — Триатлон Парк,квартира,3,120,1,5,700000,KZT,,полностью,agency,true,,,"свежий ремонт, новая мебель",,true,"Сдается абсолютно новая евротрешка в ЖК Акбулак-3, район Триатлон Парк. Элитный, тихий и спокойный район. Закрытый охраняемый двор, круглосуточная охрана. Высота потолков — 5 метров. Дизайнерский ремонт. Вся мебель, техника и ремонт — новые. • 2 санузла • 3 гардеробные • Отдельная прачечная • Кондиционер в каждой комнате • Посудомоечная машина • Полностью укомплектована для комфортного проживания Квартира после ремонта, ранее никто не проживал. Депозит — всего 200 000 ₸. Дом ориентировочно находится возле Триатлон Парк",2026-06-14
1012903858,https://krisha.kz/a/show/1012903858,Астана,Алматы р-н,Тас Шокы 2 — Триатлон Парк,квартира,3,120,1,5,700000,KZT,,полностью,agency,true,,,"свежий ремонт, новая мебель",,true,"Сдается абсолютно новая евротрешка в ЖК Акбулак-3, район Триатлон Парк. Элитный, тихий и спокойный район. Закрытый охраняемый двор, круглосуточная охрана. Высота потолков — 5 метров. Дизайнерский ремонт. Вся мебель, техника и ремонт — новые. • 2 санузла • гардеробная • Отдельная прачечная • Кондиционер в каждой комнате • Посудомоечная машина • Полностью укомплектована для комфортного проживания Квартира после ремонта, ранее никто не проживал. Депозит — всего 200 000 ₸. Дом ориентировочно находится возле Триатлон Парк",2026-06-14
1006220854,https://krisha.kz/a/show/1006220854,Алматы,Наурызбайский р-н,"мкр Шугыла, Райымбека 590/13 — Жуалы",квартира,2,56,7,9,280000,KZT,100000,полностью,owner,true,true,true,"свежий ремонт, новая мебель",,true,"Сдаем на длительный срок новую 2- комнатную квартиру. Новый евроремонт, чистая, светлая, уютная. Просторный двор, парковка, детская площадка. Напротив ТРЦ Апорт, гипермаркет Лемана Про, рынок Алтын орда. Сдам семейной паре, можно с детьми, одиночков не беспокоить Коммунальные расходы и интернет оплачивается отдельно. Аренда: 280000 тыс Ком. платеж: отдельно Депозит: 100000 тыс Дом ориентировочно находится возле Жуалы",2026-06-14
1003288334,https://krisha.kz/a/show/1003288334,Актобе,жилой массив Жилянка,2-микрорайон 22,квартира,1,42,,,120000,KZT,,полностью,owner,true,,true,"не новый, но аккуратный и чистый ремонт",,false,Сдам одному человеку либо семейной паре без детей.,2026-06-14
685795693,https://krisha.kz/a/show/685795693,Алматы,Наурызбайский р-н,Абишева 36/7,квартира,1,45,7,9,180000,KZT,,полностью,agency,true,,true,"свежий ремонт, новая мебель",,,"жил. комплекс Gulder, меблирована полностью",2026-06-14
1013104864,https://krisha.kz/a/show/1013104864,Алматы,Алмалинский р-н,"мкр Тастак-2, Абылайхана 33 Маметова",квартира,3,55,2,3,600000,KZT,,,owner,,,true,"свежий ремонт, новая мебель",,true,"Сдается 3-х комнатная квартира в историческом центре, средний этаж, в кирпичном доме, рядом ТЮЗ, гимназия №90, ЦУМ. Окна выходят во двор и проспект Абылай хана. Дом очень теплый, квартира светлая, не угловая. Развитая инфраструктура дает возможность комфортного проживания и быстрого доступа в любую часть города.",2026-06-14
1006260518,https://krisha.kz/a/show/1006260518,Астана,Есильский р-н,Туркестан 4Б — Абу даби Плаза; Life Fitness,квартира,2,54,,,450000,KZT,,полностью,owner,true,true,,"свежий ремонт, новая мебель",,,"🔥 ТОП-локация — напротив парка, район Abu Dhabi Plaza ✔ 450 000 ₸ уже включает коммунальные услуги ✔ Паркинг в крытом паркинге включён в стоимость ✔ Абсолютно новая квартира, никто не жил ✔ Просторная гардеробная ✔ Панорамный вид на парк и город ✔ Долгосрочная аренда от 6 месяцев ✨ Абсолютно новая квартира — всё только для вас! Полностью меблирована: современная техника, новая мебель, уютная атмосфера. Есть просторная гардеробная — редкость для студий! 📍 Локация — идеальная: Центр золотого квадрата Левого берега, рядом Abu Dhabi Plaza, через дорогу — зелёный парк для прогулок и спорта. Прямо в доме на 1 этаже есть несколько продуктовых минимаркетов, кафе с очень вкусной едой Из окон квартиры открывается панорамный вид на город и парк — особенно красиво вечером, когда зажигаются огни. 🚗 Транспортная развязка — одна из лучших в Астане: Быстрый выезд в любое направление, остановка LRT (метро) в 5 мин ходьбы, рядом деловые центры, кафе и ТРЦ Абу-Даби 💎 Подойдёт для тех, кто ценит эстетику, комфорт и расположение. Заселяйтесь и живите красиво — в центре жизни города! Важно : только на длительный срок (от 6 месяцев) Дом ориентировочно находится возле Абу даби Плаза; Life Fitness",2026-06-14
681524346,https://krisha.kz/a/show/681524346,Алматы,Алмалинский р-н,мкр Тастак-2 261 — Тлендиева,квартира,2,70,2,9,300000,KZT,,полностью,agency,true,,true,"не новый, но аккуратный и чистый ремонт",,true,меблирована полностью,2026-06-14
1002521595,https://krisha.kz/a/show/1002521595,Алматы,Алмалинский р-н,Тургут Озалы 94 — Толеби,квартира,1,40,7,9,200000,KZT,100000,полностью,agency,true,,,"не новый, но аккуратный и чистый ремонт",,,Имеется депозит 100 тыс. Дом ориентировочно находится возле Толеби,2026-06-14
696511712,https://krisha.kz/a/show/696511712,Алматы,Алмалинский р-н,Сейфуллина 452,квартира,2,46,2,5,290000,KZT,,полностью,agency,,,true,"не новый, но аккуратный и чистый ремонт",false,,Чистая и уютная квартира. На длительный срок. Сдается аккуратным и чистоплотным людям. Без животных и маленьких детей. Имеется депозит.,2026-06-14
1013034391,https://krisha.kz/a/show/1013034391,Уральск,мкр Старый Аэропорт,"мкр Старый Аэропорт, Самал 94 — Остановка дзюдо центр",квартира,2,70,2,9,150000,KZT,,без мебели,owner,true,,true,,,true,"2 бөлмелі пәтерді жалға беремін. Іші таза, 2 этажда. Жайык арена мен Дзюдо центр ортасында. Дәл астында балабақша, жанында Аяулым дүкені орналасқан. Дом ориентировочно находится возле Остановка дзюдо центр",2026-06-14
1004895117,https://krisha.kz/a/show/1004895117,Атырау,мкр Нурсая,мкр Нурсая — 5000мелочи,квартира,2,58,3,6,200000,KZT,,,owner,,,true,"свежий ремонт, новая мебель",,,Таза 2бөлмелі квартира жалға беріледі тұрақты және таза ішпейдін шекпейтін адамдарга ұзақ мерзімге жалданады уйдің қасында мектеп балабақша 5000мелочи бәрі жап жақын. Таза уй . Дом ориентировочно находится возле 5000мелочи,2026-06-14
1013026808,https://krisha.kz/a/show/1013026808,Астана,Есильский р-н,"мкр Комсомольский, Бухар жырау 20Б",квартира,2,70,9,24,400000,KZT,,,owner,true,,true,"свежий ремонт, новая мебель",false,,"Сдается в аренду 2-х комнатная квартира в престижном районе, возле ботанического сада, рядом станция ЛРТ, Астана Арена, Алау, велотрек, Назарбаев Университет, торговые центры, лечебные детские и дошкольные учреждения, для семейной пары, не курящим, без животных, на длительный срок-не менее года, коммунальные услуги оплачиваются отдельно, депозит в размере одной месячной оплаты.",2026-06-14
677759774,https://krisha.kz/a/show/677759774,Костанай,Костанайская обл.,Береке мкр 59,квартира,2,64.5,1,9,190000,KZT,,,owner,,,true,свежий ремонт,,,Новая Квартира сдаётся для молодой семьи. Из мебели только кухня и спальня ремонт все новое Фото свежие не фотографировал,2026-06-14
671301529,https://krisha.kz/a/show/671301529,Алматы,Алмалинский р-н,Чайковского 192 — Курмангазы,квартира,1,33,4,4,280000,KZT,,полностью,owner,,,true,"не новый, но аккуратный и чистый ремонт",,,"квартира в центре, общественный транспорт рядом в любом направлении города, магазины рядом Дом ориентировочно находится возле Курмангазы",2026-06-14
699176235,https://krisha.kz/a/show/699176235,Туздыбастау (Калинино),Алматинская обл.,Райымбек батыра — Возле Магнума,квартира,1,40,3,9,200000,KZT,,полностью,owner,true,true,true,"не новый, но аккуратный и чистый ремонт",,,"Все есть. Можно заехать только с личными вещами. Рядом Магнум, парковка всегда есть, 2 заезда в дом, можно объехать пробки, через верхние шлагбаумы. Прошу писать мне, звонки могут не доходить. Дом ориентировочно находится возле Возле Магнума",2026-06-14
1013104944,https://krisha.kz/a/show/1013104944,Сатпаев,Улытау обл.,Муратбаева,квартира,2,60,1,2,80000,KZT,,частично,owner,,,false,"не новый, но аккуратный и чистый ремонт",true,true,"Сдаётся уютная квартира в г. Сатпаев по ул. Муратбаева, в районе Налогового управления. Отличное расположение: рядом Площадь Шахтёров, Парк Победы, магазины, пункт выдачи Ozon, автобусная остановка и вся необходимая инфраструктура. Квартира светлая, тёплая и уютная. Имеется мебель, кондиционер, титан, стиральная машинка, всё необходимое для комфортного проживания. Тихий двор и спокойные соседи. Подойдёт для семьи, пары или работающих людей, можно с животными. Сдаётся на длительный срок. Стоимость аренды: 80.000 тенге в меяц плюс ком. услуги. Телефон для связи: 87******061 Так же можете писать",2026-06-14
1013104935,https://krisha.kz/a/show/1013104935,Атырау,мкр Береке,мкр Береке 50,квартира,2,66,8,9,180000,KZT,,,owner,,,,"не новый, но аккуратный и чистый ремонт",,,,2026-06-14
696788243,https://krisha.kz/a/show/696788243,Актау,4-й мкр,4-й мкр 63,квартира,3,67,4,4,180000,KZT,,,owner,,,,"свежий ремонт, новая мебель",true,true,"Cдам 3-х комнатную квартиру посуточно 16 000тг или на долгий срок. С торца школа, рядом детсад, магазин Шум, Дина, Дана, Акимат, парк, море. Есть Wifi. РКЦ оплачивается отдельно. + 50 тыс депозит.",2026-06-14
689580957,https://krisha.kz/a/show/689580957,Алматы,Алатауский р-н,мкр Акбулак 52 — Шарипова,квартира,1,48,4,7,250000,KZT,50000,,owner,true,,false,"свежий ремонт, новая мебель",,,"Сдам однокомнатную квартиру Шарипова 206/8, в новом доме, интернет подключен, мебель, ремонт, все новое. Просмотр только в субботу и воскресенье. Депозит 50.000 ТГ Дом ориентировочно находится возле Шарипова",2026-06-14
1013104789,https://krisha.kz/a/show/1013104789,Алматы,Алатауский р-н,мкр Зердели 82,квартира,1,49,4,4,180000,KZT,,частично,owner,,,true,,,true,"Светлая, уютная и чистая квартира в хорошем районе. Есть вся необходимая мебель и бытовая техника для комфортного проживания. Рядом находятся магазины, остановки общественного транспорта, аптеки и другие необходимые объекты инфраструктуры. По всем вопросам обращаться по телефону:",2026-06-14
1013104687,https://krisha.kz/a/show/1013104687,Алматы,Жетысуский р-н,мкр Айнабулак-3 144 — Магазин Князь,квартира,1,39,3,5,180000,KZT,,полностью,owner,,,,"не новый, но аккуратный и чистый ремонт",,,"Уютная квартира, приезжай и живи. Рядом находятся все нужные магазины, дет. сад и школы. +коммуналка Дом ориентировочно находится возле Магазин Князь",2026-06-14
1009792504,https://krisha.kz/a/show/1009792504,Алматы,Бостандыкский р-н,Розыбакиева 197/2,квартира,2,58,12,16,540000,KZT,250000,полностью,owner,true,true,,"свежий ремонт, новая мебель",,,"Квартира после ремонта - делали, как для себя. Шикарный вид на Кок-Тобе, горы и ЖК 4You при этом окна выходя во двор. Квартира светлая и очень теплая. Полностью укомплектована посудой. ""Теплые полы"" в санузле и на лоджии. Встроенные шкафы - много места для хранения. Диван в зале раскладывается. На территории ЖК свой подземный и уличный паркинг. Очень развитая инфраструктура вокруг: Мега 10 мин пешком, школы, магазины, кафе-рестораны, фитнес. При заселении депозит 250 000 тг. В квартире нельзя курить. При наличии запаха сигарет при выезде депозит не возвращается. Субаренда - нет. Комиссия риелторам - нет.",2026-06-14
1013080932,https://krisha.kz/a/show/1013080932,Алматы,Алмалинский р-н,Брусиловского 159 — Брусиловского Кулумбетова,квартира,2,65,17,19,400000,KZT,150000,полностью,agency,true,,,"не новый, но аккуратный и чистый ремонт",true,,"Квартира расположена в оживленном районе в 7 минутах от метро Сайран и в 10 минутах от парка Сайран. Рядом супермаркеты Магнум, овощной, строительный и вещевой базарчик, в комплексе и рядом есть все необходимое: маленькие магазины, парикмахерские, аптеки, студии красоты и спорта. Дополнительно оплачиваются коммунальные услуги. Депозит 150 000 тг. Стоимость 350 000 при оплате поквартально. Риелторские услуги НЕ оплачиваются. Дом ориентировочно находится возле Брусиловского Кулумбетова",2026-06-14
1007795127,https://krisha.kz/a/show/1007795127,Астана,Есильский р-н,Улы Дала 69 — Аль Фараби,квартира,1,38,6,10,190000,KZT,,полностью,owner,true,,,"не новый, но аккуратный и чистый ремонт",true,true,Квартира очень теплая и уютная! Сдаем на длительный срок. С животными нельзя. Дом ориентировочно находится возле Аль Фараби,2026-06-14
1012076302,https://krisha.kz/a/show/1012076302,Алматы,Наурызбайский р-н,"мкр Шугыла, Мкр. Шугыла 340/35 - 340/35 к17",квартира,1,35,1,6,180000,KZT,,полностью,owner,,,true,"свежий ремонт, новая мебель",true,true,"сдам квартиру новую срочно, до этого сдавался только одному человеку, в доме есть вся нужная мебель и техника для комфортного проживания, в оплату входит +кварплата звонить по номеру",2026-06-14
697923694,https://krisha.kz/a/show/697923694,Алматы,Алмалинский р-н,"Кабанбай Батыра 89 — Оперный театр, Супермаркет ""Столичный""",квартира,2,51.8,3,3,420000,KZT,,полностью,owner,,,false,"не новый, но аккуратный и чистый ремонт",false,,"Прекрасная квартира с дизайнерским ремонтом и всеми удобствами. Просторная гардеробная, два санузла. Один гостевой туалет со входом из прихожей. Большой санузел со входом из спальни с ванной и с душевой кабиной. Совершенно новый холодильник. Шикарная локация, золотой квадрат, рядом супермаркет Столичный, множество кафе и ресторанов, Театр. Депозит при заселении равен одной арендной плате. Можно разделить его выплату на два месяца. Квартира только для жильцов без животных и детей. Сдается на долгий срок. Коммунальные услуги арендатор оплачивает отдельно Дом ориентировочно находится возле Оперный театр, Супермаркет ""Столичный""",2026-06-14
1012609954,https://krisha.kz/a/show/1012609954,Актобе,мкр. Алтын орда,мкр. Алтын орда 2,квартира,2,76,2,10,450000,KZT,,частично,agency,,,false,,,,меблирована частично,2026-06-14
1009977087,https://krisha.kz/a/show/1009977087,Астана,Есильский р-н,"Улы дала 54 — Президентский парк,Самал парк",квартира,1,42,5,9,200000,KZT,,полностью,agency,,,,,,,"Сдается 1х комнатная квартира на левом берегу, в хорошем состоянии, сдается на длительный срок! Дом ориентировочно находится возле Президентский парк,Самал парк",2026-06-14
1012898730,https://krisha.kz/a/show/1012898730,Астана,Нура р-н,Улы Дала,квартира,1,38,3,12,220000,KZT,50000,полностью,owner,,,,,false,,"Сдам 1-комнатную квартиру в ЖК Алпамыс (ул. Ұлы Дала 31). Кирпичный дом, закрытый двор.3 этаж из 12. Рядом ТРЦ Мега Силк Вей, Назарбаев Университет, ЭКСПО, МФЦА, Астана хаб, Ботанический сад, Имеется вся бытовая техника, мебель. Депозит 50тыс. тенге. Коммунальные услуги оплачиваются отдельно по квитанциям. Квартира сдается от хозяев в долгосрочную аренду. Сдается не курящим, без животных арендаторам. Риэлторов и субарендаторов прошу не беспокоить. 220000 тыс+ком. услуги",2026-06-14
1013036233,https://krisha.kz/a/show/1013036233,Бесагаш,Алматинская обл.,"Алатауская трасса 7 — ул. Қошқарбая, 7. ЖК бута флейм. напротив Аспан сити",квартира,2,45,2,7,270000,KZT,,полностью,owner,true,,true,"свежий ремонт, новая мебель",,,"Квартира сдается на долгий срок. Свежий ремонт, никто не жил. Холодильник, стиральная машина, микроволновка все есть. Чистая, очень уютная квартира. Окно смотрить до двор, при этом шума не слышно, дом сейсмостойкий, безопасно при землетресении, темболее 2 этаж Дом ориентировочно находится возле ул. Қошқарбая, 7. ЖК бута флейм. напротив Аспан сити",2026-06-14
1008679457,https://krisha.kz/a/show/1008679457,Караганда,Казыбек би р-н,"мкр Новый Город, Нуркена Абдирова 19 — Остановка Мечта",квартира,2,46,7,9,160000,KZT,70000,полностью,owner,true,,true,без ремонта,false,,"От хозяина квартиры сдаю 2 ком квартиру, комнаты раздельные, пластиковые окна квартира очень теплая, без ремонта, но чистая, сантехника вся новая, рабочая, есть холодильник и стиральная машинка автомат, титан, есть четыре спальных места, лифт не работает, заключаю договор аренды, выдаю чеки, и временная прописка. 160000 аренда+ депозит 70000 + ком услуги. Без животных, в субаренду не сдаю. Студентов то же расатриваю. Если не дозвонились, то пишите, просто не всегда могу взять трубку. Дом ориентировочно находится возле Остановка Мечта",2026-06-14
1012941831,https://krisha.kz/a/show/1012941831,Кызылорда,Кызылординская обл.,Айтеке би 5,квартира,3,70,5,5,170000,KZT,,частично,owner,,,,"свежий ремонт, новая мебель",,,"🏡 Сдается 3-комнатная квартира в самом центре города! ✨ Свежий ремонт ✨ Ранее квартира не сдавалась ✨ Светлая, чистая и уютная ✨ Все как на фото В квартире имеется: ✅ Мебель ✅ Кондиционер ✅ Стиральная машина (будет установлена) ✅ Все необходимое для комфортного проживания Преимущества: 🚗 Парковочные места возле дома 🎥 Двор под видеонаблюдением 💡 Освещенная и ухоженная территория Удобное расположение: 🛒 До базара — 5 минут 🏪 Магазины и супермаркеты рядом ☕ Кафе, рестораны и другие объекты инфраструктуры в шаговой доступности 🌳 Парки и зоны отдыха рядом Квартира идеально подойдет для семьи или работающих людей, ценящих комфорт и удобное Ком услуги отдельно. 📞 Звоните и пишите",2026-06-14
1012978900,https://krisha.kz/a/show/1012978900,Астана,Сарайшык р-н,Болекпаева 8 — ЛРТ,квартира,1,47,2,7,220000,KZT,,полностью,owner,true,true,,"свежий ремонт, новая мебель",,true,"Чистая, аккуратная, светлая квартира полностью готовая к комфорьному проживанию. Вся мебель и бытовая техника в отличном состоянии. Чистый подъезд, закрытый двор, есть подземный паркинг. Рядом в шаговой доступности новая школа -гимназия и поликлиника. Комфортный 2этаж, есть лифт. Сдам квартиру ответственным и чистоплотным людям, желательно семейной паре. Дом ориентировочно находится возле ЛРТ",2026-06-14
1012258957,https://krisha.kz/a/show/1012258957,Алматы,Бостандыкский р-н,Аль-Фараби 77/3,квартира,3,125,10,22,1800000,KZT,,без мебели,owner,,,,"не новый, но аккуратный и чистый ремонт",,,"Квартира пока пустая, в процессе покупки мебели. Вся бытовая техника и кухня имеется. Сдается впервые, от хозяина. 3 санузла в 3х комнатах, гардеробы, балкон. Рядом Esentai Mall, рестораны, кофейни, Esentai Fitness and SPA рядом в 2-х минутах! Речка Есентай который идет до самого Медео, Ботанический сад в тоже рядом в 5ти минутах. Имеется 3 сан узла, 3 гардеробных, широкий зал, средний этаж, не угловая, окна смотрят на восток, нет эффекта «окна в окна», самая удачная сторона. Месторасположение Рядом находятся крупнейший торговый центр Esentai Mall, сеть магазинов Saks Fifth Avenue, премиальный гастроном Esentai Gourmet, бутики Dior, Louis Vuitton, Fendi, Prada и многие другие. Собственный парк комплекса – Esentai River Park – идеален для прогулок и занятий спортом. Не менее живописен и сквер Esentai Square. На территории объекта есть несколько спортивных зон и четыре игровые площадки.",2026-06-14
1004022459,https://krisha.kz/a/show/1004022459,Алматы,Бостандыкский р-н,Розыбакиева 247,квартира,2,70,4,13,380000,KZT,,полностью,owner,true,,true,"свежий ремонт, новая мебель",,,"Сдам в аренду на долги срок порядочным людям. Квартира очень хорошая. Главное чтобы за квартирой смотрели как за своим. Рядом школа, супермаркет, торговый центр Мега. Все в шаговой доступности.",2026-06-14
1008832911,https://krisha.kz/a/show/1008832911,Алматы,Наурызбайский р-н,"мкр Шугыла, Мкрн Шугыла 340/5",квартира,1,39,3,9,220000,KZT,,полностью,owner,true,,false,"свежий ремонт, новая мебель",,,"Новая квартира, сразу после ремонта. Никто не жил. Уютная, красивая квартира со всеми удобствами. Идеальный этаж. Вся бытовая техника есть. В пешой доступности магазин, аптека, школы, садик, остановка Депозит возвратный 100.000 + ком услуга отдельно. Сдам ответственным и чистоплотным людям на долгий срок",2026-06-14
1001611957,https://krisha.kz/a/show/1001611957,Алматы,Бостандыкский р-н,Каппарова 181 — Esentai mall,квартира,3,89.9,1,3,1000000,KZT,,полностью,owner,,true,,"свежий ремонт, новая мебель",,true,"Топовая локация, все в шаговой доступности, сейсмоустойчивость и безопасность прежде всего, шикарный прохладный воздух с гор, гостевая парковка преимущество данного ЖК это мало этажность и зеленый ухоженный двор, камеры по всему периметру, доступ во двор только через охрану. Своя личная терраса с видом на Ритц Карлтон. Квартира в идеальном состоянии теплые полы, кондиционеры все что нужно для комфортной жизни все установлено. Сдаем не спеша только адекватным людям на долгий срок! Сдается от хозяина квартиры. Все остальные вопросы можете звонить по указанному номеру. Дом ориентировочно находится возле Esentai mall",2026-06-14
682257754,https://krisha.kz/a/show/682257754,Астана,Алматы р-н,Иманбаевой 10А,квартира,1,40,12,16,180000,KZT,30000,полностью,agency,true,,,"не новый, но аккуратный и чистый ремонт",,,"Внимание! Квартира сдаётся с 15 июня! Депозит 30 000т (возвратный) Фото 100% 1-комнатная квартира. Новый кирпичный дом! ЖК Алмалы. Описание; 9 этаж из 16, полностью меблированная с бытовой техникой. Общая площадь 40 м2. Кухня разд, с/у совм. Развитый район. Дом расположен по улице Иманбаева 10 (между Кенесары и Иманова) по середине. Рядом бизнес-центр Нурсаулет и деловой дом Алматы, вокруг много магазинов, салонов красоты, кафе, нотариусов, филиалы нескольких банков. Семейным без маленьких детей! или 1-2 девушкам! длительно. Риэлтор. услуги 20%",2026-06-14
1013030359,https://krisha.kz/a/show/1013030359,Алматы,Наурызбайский р-н,"мкр Шугыла, Алтын орда 6/11",квартира,1,30,5,10,150000,KZT,30000,,owner,,,,"не новый, но аккуратный и чистый ремонт",,,Уютная квартира для одного или 2 человек. Есть депозит 30000,2026-06-14
1008350103,https://krisha.kz/a/show/1008350103,Астана,Алматы р-н,Тараса Шевченко 8/2 — Radisson Hotel Astana,квартира,2,100,8,14,280000,KZT,100000,полностью,agency,true,,,"не новый, но аккуратный и чистый ремонт",,,". Услуги 50 000т. тенге. QR . чек. Договор аренды Казахстан Астана. Сдам на длительный срок 2-х комнатную квартиру ЖК Сана. ул Т. Шевченко 8. Цена 280 000т в месяц. Риэлтор! услуги 20% Внимание! депозит 100 000т (Возвратный) Фото 100%. 2-х комнатная квартира! Новый дом! ЖК Сана. Т. Шевченко 8 на пересечений ул Сарыарка. Описание: 8 этаж из 12, полностью меблированая с бытовой техникой, 100 м2. Кухня разд, комн разд, с/у разд. Общая площадь 100 м2. Развитый район. Набережная! До отеля Редиссон и БЦ Арман что расположены по ул Сары-Арке 10 мин пешком. Семейным длительно. Риэлтор. . Услуги 50 000т. тенге. QR . чек. Договор аренды Дом ориентировочно находится возле Radisson Hotel Astana",2026-06-14
1012272605,https://krisha.kz/a/show/1012272605,Астана,Есильский р-н,Мухамедханова 4В — За Хан Шатыр,квартира,2,70,8,12,300000,KZT,100000,полностью,agency,true,,,"свежий ремонт, новая мебель",,,". Услуги 50 000т. тенге. QR . чек. Договор аренды GreenLine Токио– это бигвилль – новый концепт проживания по типу «город в городе» на большой благоустроенной территории, где каждый сантиметр земли богат уникальными зонами для досуга, работы, учебы и активного образа жизни. В бигвилле есть всё, что может предложить мегаполис, здесь всё сосредоточено вокруг Вас и настроено на Ваши желания. Бигвилль GreenLine Токио расположен в квадрате улиц К. Мухамедханова, Е-305, Сыганак и пр. Туран. Комплексное проектирование и строительство бигвилля основано на ключевых концепциях Healthy Building, что позволяет создать сбалансированную экосистему. Современные решения, eco-friendly технологии и рекреационные зоны – обеспечат Вам комфортную жизнь в полном ее проявлении. Уникальное место, где Вы сможете забыть про повседневную суету и погрузиться в атмосферу гармонии и счастья. Описание; Внимание! депозит 100 000т возвращается по завершению аренды 2-х комнатная квартира. 8 этаж из 12. Кухня разд, комн разд, с/у совм, 70 м2. Развитый район, рядом ТРЦ Хан Шатыр, Оперный театр. Семейным ! или одиноким! длительно. Риэлтор. . Услуги 50 000т. тенге. QR . чек. Договор аренды Дом ориентировочно находится возле За Хан Шатыр",2026-06-14
1012655370,https://krisha.kz/a/show/1012655370,Астана,Есильский р-н,Мангилик Ел 17 — Алматы,квартира,1,42,5,14,180000,KZT,50000,полностью,agency,true,,,"не новый, но аккуратный и чистый ремонт",,,"Квартира сдаётся только 1 женщине. (Условия хозяина) Депозит 50 000т возвратный по договору аренды. 100% 1-х комнатная квартира! Новый дом! Левый берег! ЖК Коркем, 5 этаж из 14 полностью меблированая с бытовой техникой. Кухня студ, с/у совм. 42 м2. Развитый район, левый берег! ЖК Коркем расположен по ул Мангилик Ел (Орынбор) 17 персечений ул Алматы. до дома Министерств 10 минут пешком. Рядом ЖК Отандастар, ЖК Айсанам, ЖК Ак-Жаик и ЖК Олимп Палас. Квартира сдается только 1 женщине длительно. Риэлтор. Услуги 20% Дом ориентировочно находится возле Алматы",2026-06-14
1013087622,https://krisha.kz/a/show/1013087622,Астана,Есильский р-н,Туркестан 4Б — Рядом с ЖК Тумар,квартира,2,45,17,19,200000,KZT,50000,полностью,agency,true,,,"не новый, но аккуратный и чистый ремонт",,,"Агентство недвижимости услуги 40 000т. QR чек! Внимание! депозит 50 000т (возвратный) Фото 100% 2-х комнатная квартира. ЖК Тумар. Описание: 17 этаж из 18 полностью меблированная с бытовой техникой 45 м2. Кухня студ, комн разд, с/у совм. В шаговой доступности отель The Ritz-Carlton Astana, БЦ Москва и БЦ Санкт-Питербург. Рядом ЖК Отандастар и ЖК Олимп палас. В близи к дому много минимаркетов несколько недорогих кафе и салонов красоты. До дома министерств 10 минут пешком. Семейным не больше 4 человек! строго! длительно. Риэлтор. Агентство недвижимости услуги 40 000т. QR чек! Дом ориентировочно находится возле Рядом с ЖК Тумар",2026-06-14
